id,author,message,timestamp,chat_room_id,recipient,message_status,is_deleted,is_edited
1,vincent,hello,2024-10-03 14:36:19.637636,,,sent,f,f
2,chen,hello,2024-10-03 14:36:37.127385,,,sent,f,f
3,chen,hello,2024-10-04 07:32:10.46181,,,sent,f,f
5,chen,hello,2024-10-04 07:33:55.674864,,,sent,f,f
4,chen,4,2024-10-04 07:35:39.809737,,,sent,f,f
6,chen,hello,2024-10-04 07:39:47.440948,1,recipient_name,sent,f,f
7,chen,54,2024-10-04 07:42:09.765964,,,sent,f,f
8,test,jnm,2024-10-11 05:20:22.315917,,,sent,f,f
9,test,y35,2024-10-11 05:32:51.661685,,,sent,f,f
10,test,"{""token"":""eyJhbGciOiJIUzI1NiIsInR5cCI6IkpXVCJ9.eyJ1c2VySWQiOjIsImlhdCI6MTcyODYyOTM2MiwiZXhwIjoxNzI4NjMyOTYyfQ.3pTY3ySntFYWJwgJsuyxYgDAoIgFWNRbrzNV3UMFU9g"",""message"":""mk""}",2024-10-11 06:49:37.027787,,,sent,f,f
11,test,"{""token"":""eyJhbGciOiJIUzI1NiIsInR5cCI6IkpXVCJ9.eyJ1c2VySWQiOjIsImlhdCI6MTcyODYyOTQxMywiZXhwIjoxNzI4NjMzMDEzfQ.VyetX1gWiFsJ9hOhhu3X8BoUROsHuC_BkJ9PAj8qepQ"",""message"":""45""}",2024-10-11 06:50:15.953909,,,sent,f,f
12,test,"{""token"":""eyJhbGciOiJIUzI1NiIsInR5cCI6IkpXVCJ9.eyJ1c2VySWQiOjIsImlhdCI6MTcyODYyOTYwMSwiZXhwIjoxNzI4NjMzMjAxfQ.CR8yhwhS7M782yBt1iA9haOEDR_1hBBcsfEHrwKoZak"",""message"":""mi""}",2024-10-11 06:53:23.292941,,,sent,f,f
14,test,"{""token"":""eyJhbGciOiJIUzI1NiIsInR5cCI6IkpXVCJ9.eyJ1c2VySWQiOjIsImlhdCI6MTcyODYyOTc3NSwiZXhwIjoxNzI4NjMzMzc1fQ.g895urKWktY70pUqB8v6lbt9Cxn-VNr8DHUHsogBiSo"",""message"":""fe""}",2024-10-11 06:56:18.411065,,,sent,f,f
15,test,"{""token"":""eyJhbGciOiJIUzI1NiIsInR5cCI6IkpXVCJ9.eyJ1c2VySWQiOjIsImlhdCI6MTcyODYyOTgyOCwiZXhwIjoxNzI4NjMzNDI4fQ._BD5IEgkrxZh0SqQ2bdol4_8nqbkbgUFXxX9Dz9VsDw"",""message"":""mk""}",2024-10-11 06:57:09.552181,,,sent,f,f
16,test,"{""token"":""eyJhbGciOiJIUzI1NiIsInR5cCI6IkpXVCJ9.eyJ1c2VySWQiOjIsImlhdCI6MTcyODYyOTk0OSwiZXhwIjoxNzI4NjMzNTQ5fQ.CMdeebF9wLYaUOky6FM_jkYQdMeeDkgj038NXYyoEDA"",""message"":""45""}",2024-10-11 06:59:10.54778,,,sent,f,f
17,test,"{""token"":""eyJhbGciOiJIUzI1NiIsInR5cCI6IkpXVCJ9.eyJ1c2VySWQiOjIsImlhdCI6MTcyODYzMDAzNSwiZXhwIjoxNzI4NjMzNjM1fQ.0HV5SlAuUbkiRLkZOgBhEe2e4SlSV2egyaZFUKg6YYQ"",""message"":""lm""}",2024-10-11 07:00:38.521347,,,sent,f,f
18,test,"{""token"":""eyJhbGciOiJIUzI1NiIsInR5cCI6IkpXVCJ9.eyJ1c2VySWQiOjIsImlhdCI6MTcyODYzMDA2OCwiZXhwIjoxNzI4NjMzNjY4fQ.3yKMG5swVuWnUYagpWG-Q8os1jOsi7ARj1OpdMCQjgM"",""message"":""4""}",2024-10-11 07:01:10.347989,,,sent,f,f
19,test,"function toString(encoding, start, end) {
  if (arguments.length === 0) {
    return this.utf8Slice(0, this.length);
  }

  const len = this.length;

  if (start <= 0)
    start = 0;
  else if (start >= len)
    return '';
  else
    start |= 0;

  if (end === undefined || end > len)
    end = len;
  else
    end |= 0;

  if (end <= start)
    return '';

  if (encoding === undefined)
    return this.utf8Slice(start, end);

  const ops = getEncodingOps(encoding);
  if (ops === undefined)
    throw new ERR_UNKNOWN_ENCODING(encoding);

  return ops.slice(this, start, end);
}",2024-10-11 07:01:35.36288,,,sent,f,f
20,test,"{""token"":""eyJhbGciOiJIUzI1NiIsInR5cCI6IkpXVCJ9.eyJ1c2VySWQiOjIsImlhdCI6MTcyODYzMDExNiwiZXhwIjoxNzI4NjMzNzE2fQ.xex3eTEL4WKWkvWh0zZA2p3UQs2sBtLYQ3I7MgffqVg"",""message"":""mk""}",2024-10-11 07:01:57.841752,,,sent,f,f
21,test,"{""token"":""eyJhbGciOiJIUzI1NiIsInR5cCI6IkpXVCJ9.eyJ1c2VySWQiOjIsImlhdCI6MTcyODYzMDIxNSwiZXhwIjoxNzI4NjMzODE1fQ.KIT5NKqamtSPaf215o0ZDzlEjMClUNTlyz8WeBWjtO4"",""message"":""45""}",2024-10-11 07:03:37.999353,,,sent,f,f
22,test,"{""token"":""eyJhbGciOiJIUzI1NiIsInR5cCI6IkpXVCJ9.eyJ1c2VySWQiOjIsImlhdCI6MTcyODYzMDMyNSwiZXhwIjoxNzI4NjMzOTI1fQ.RjU1_4GQ7vAyJqxlUoeEKGXOR6K-gdO8G0hZbjUn66Y"",""message"":""km""}",2024-10-11 07:05:26.64588,,,sent,f,f
23,test,"{""token"":""eyJhbGciOiJIUzI1NiIsInR5cCI6IkpXVCJ9.eyJ1c2VySWQiOjIsImlhdCI6MTcyODYzMDM3NCwiZXhwIjoxNzI4NjMzOTc0fQ.ZrW7-karu6x7Af0A0PW7DhJYj0W6KlYZS4Ot4lZTme4"",""message"":""nj""}",2024-10-11 07:06:17.925409,,,sent,f,f
24,test,"{""token"":""eyJhbGciOiJIUzI1NiIsInR5cCI6IkpXVCJ9.eyJ1c2VySWQiOjIsImlhdCI6MTcyODYzMDY1NywiZXhwIjoxNzI4NjM0MjU3fQ.95N-I-m8oOTD1ZZz2I5TNldI3-u7jTL9H0h1J3_mT0k"",""message"":""nik""}",2024-10-11 07:11:06.153329,,,sent,f,f
25,test,"{""token"":""eyJhbGciOiJIUzI1NiIsInR5cCI6IkpXVCJ9.eyJ1c2VySWQiOjIsImlhdCI6MTcyODYzMTAzOSwiZXhwIjoxNzI4NjM0NjM5fQ.w2-dUoZIRzn_69CdOYD3N_6J7qwHuWU_Q32s6Q9rj8I"",""message"":""ni"",""username"":""Vincent""}",2024-10-11 07:17:20.824131,,,sent,f,f
26,test,"{""token"":""eyJhbGciOiJIUzI1NiIsInR5cCI6IkpXVCJ9.eyJ1c2VySWQiOjIsImlhdCI6MTcyODYzMTA3OCwiZXhwIjoxNzI4NjM0Njc4fQ.Ipy-YKzwvEj5xLqHAPGcjzwrx0IP8L5yDe22UADiejI"",""message"":""m"",""username"":""Vincent""}",2024-10-11 07:17:59.931788,,,sent,f,f
27,Vincent,"{""token"":""eyJhbGciOiJIUzI1NiIsInR5cCI6IkpXVCJ9.eyJ1c2VySWQiOjIsImlhdCI6MTcyODYzMTIwMywiZXhwIjoxNzI4NjM0ODAzfQ.cd5GnHnhCWk4jc7__FlWDn4VyOQK81m7PFEa0d4v4R4"",""message"":""mk"",""username"":""Vincent""}",2024-10-11 07:20:05.448678,,,sent,f,f
28,visitor,mk,2024-10-11 07:28:45.547642,,,sent,f,f
29,visitor,"l,",2024-10-11 07:32:54.61262,,,sent,f,f
30,visitor,dw,2024-10-13 13:04:30.044621,,,sent,f,f
31,visitor,fe,2024-10-13 13:06:26.397935,,,sent,f,f
32,visitor,ds,2024-10-13 13:06:34.947255,,,sent,f,f
33,visitor,mk,2024-10-13 13:11:42.863456,,,sent,f,f
34,visitor,fe,2024-10-13 13:12:18.077141,,,sent,f,f
35,visitor,nk,2024-10-13 13:12:30.281484,,,sent,f,f
36,Vincent,grg,2024-10-13 13:14:33.982614,,,sent,f,f
37,Vincent,5,2024-10-13 13:20:54.010085,,,sent,f,f
38,Vincent,ef,2024-10-13 13:21:49.861863,,,sent,f,f
39,Vincent,ds,2024-10-13 13:22:25.360232,,,sent,f,f
40,Vincent,sc,2024-10-13 13:23:30.919352,,,sent,f,f
41,Vincent,nj,2024-10-13 13:24:13.797799,,,sent,f,f
42,visitor,nj,2024-10-18 05:20:11.146768,,,sent,f,f
43,visitor,54,2024-10-18 05:49:59.001862,,,sent,f,f
44,2,"",2024-10-18 05:56:36.969628,,,sent,f,f
45,2,"",2024-10-18 05:56:57.235886,,,sent,f,f
46,2,"",2024-10-18 05:57:40.906387,,,sent,f,f
47,2,"",2024-10-18 05:57:42.71006,,,sent,f,f
48,visitor,1,2024-10-18 05:58:46.48771,,,sent,f,f
49,2,4,2024-10-18 05:59:25.518789,,,sent,f,f
50,2,"",2024-10-18 05:59:26.32808,,,sent,f,f
51,2,1,2024-10-18 06:00:28.694008,,,sent,f,f
52,2,"",2024-10-18 06:00:30.214666,,,sent,f,f
53,2,4,2024-10-18 06:01:42.877498,,,sent,f,f
54,visitor,2,2024-10-18 06:02:28.098199,,,sent,f,f
55,visitor,2,2024-10-18 06:04:02.998301,,,sent,f,f
56,2,2,2024-10-18 06:07:45.136261,,,sent,f,f
57,2,Wj,2024-10-18 06:21:36.397853,,,sent,f,f
58,2,2,2024-10-18 06:21:46.440652,,,sent,f,f
59,visitor,4,2024-10-18 06:21:58.429228,,,sent,f,f
60,2,W,2024-10-18 06:23:12.873927,,,sent,f,f
61,2,E,2024-10-18 06:24:10.685807,,,sent,f,f
62,2,E q,2024-10-18 06:24:39.363141,,,sent,f,f
63,Dddd,Sfwfwfwfwfwf,2024-10-18 06:37:50.966407,,,sent,f,f
64,12e,"",2024-10-18 06:38:19.080042,,,sent,f,f
65,12e,23,2024-10-18 06:38:19.519194,,,sent,f,f
66,12e,"",2024-10-18 06:38:33.438765,,,sent,f,f
67,12e,455,2024-10-18 06:38:33.530176,,,sent,f,f
68,Dddd,Tbtbtbthh,2024-10-18 06:39:03.262946,,,sent,f,f
69,Dddd,Gntbtbtbtbtbb,2024-10-18 06:40:17.029548,,,sent,f,f
70,12e,"",2024-10-18 06:40:27.95658,,,sent,f,f
71,12e,"",2024-10-18 06:40:28.863566,,,sent,f,f
72,12e,"",2024-10-18 06:40:28.904622,,,sent,f,f
73,12e,"",2024-10-18 06:40:29.221083,,,sent,f,f
74,Ping,Pin,2024-10-18 06:42:33.899989,,,sent,f,f
75,Ping,"",2024-10-18 06:43:06.822444,,,sent,f,f
76,Ping,"",2024-10-18 06:43:06.885942,,,sent,f,f
77,Ping,"",2024-10-18 06:43:06.901864,,,sent,f,f
78,Ping,"",2024-10-18 06:43:07.242573,,,sent,f,f
79,Ping,"",2024-10-18 06:43:07.338883,,,sent,f,f
80,Ping,"",2024-10-18 06:43:07.63247,,,sent,f,f
81,Ping,"",2024-10-18 06:43:07.631069,,,sent,f,f
82,Ping,"",2024-10-18 06:43:07.633546,,,sent,f,f
83,Ping,"",2024-10-18 06:43:07.64174,,,sent,f,f
84,Ping,"",2024-10-18 06:43:07.642691,,,sent,f,f
85,Ping,"",2024-10-18 06:43:07.688178,,,sent,f,f
86,Ping,"",2024-10-18 06:43:07.692083,,,sent,f,f
87,Ping,"",2024-10-18 06:43:07.695795,,,sent,f,f
88,Ping,"",2024-10-18 06:43:07.644399,,,sent,f,f
89,Ping,"",2024-10-18 06:43:07.700693,,,sent,f,f
90,Ping,"",2024-10-18 06:43:07.698846,,,sent,f,f
91,Ping,"",2024-10-18 06:43:07.70254,,,sent,f,f
92,Ping,"",2024-10-18 06:43:08.332837,,,sent,f,f
93,Ping,"",2024-10-18 06:43:08.533246,,,sent,f,f
94,Ping,"",2024-10-18 06:43:08.734883,,,sent,f,f
95,Ping,"",2024-10-18 06:43:08.735997,,,sent,f,f
96,Ping,"",2024-10-18 06:43:08.833953,,,sent,f,f
97,Ping,"",2024-10-18 06:43:08.830332,,,sent,f,f
98,Ping,"",2024-10-18 06:43:08.838437,,,sent,f,f
99,Ping,"",2024-10-18 06:43:15.000749,,,sent,f,f
100,Ping,"",2024-10-18 06:43:15.001879,,,sent,f,f
101,Ping,"",2024-10-18 06:43:15.002969,,,sent,f,f
102,Ping,"",2024-10-18 06:43:15.003776,,,sent,f,f
103,Ping,"",2024-10-18 06:43:15.007857,,,sent,f,f
104,Ping,"",2024-10-18 06:43:15.010192,,,sent,f,f
105,Ping,"",2024-10-18 06:43:15.009477,,,sent,f,f
106,Ping,"",2024-10-18 06:43:15.087836,,,sent,f,f
107,Ping,"",2024-10-18 06:43:15.090758,,,sent,f,f
108,Ping,"",2024-10-18 06:43:15.088336,,,sent,f,f
109,Ping,"",2024-10-18 06:43:15.096572,,,sent,f,f
110,Ping,"",2024-10-18 06:43:15.096986,,,sent,f,f
111,Ping,"",2024-10-18 06:43:15.566816,,,sent,f,f
112,Ping,"",2024-10-18 06:43:15.570791,,,sent,f,f
113,Ping,"",2024-10-18 06:43:15.568054,,,sent,f,f
114,Ping,"",2024-10-18 06:43:15.569267,,,sent,f,f
115,Ping,"",2024-10-18 06:43:15.568756,,,sent,f,f
116,Ping,"",2024-10-18 06:43:15.570007,,,sent,f,f
117,Ping,"",2024-10-18 06:43:15.571863,,,sent,f,f
118,Ping,"",2024-10-18 06:43:15.573816,,,sent,f,f
119,Ping,"",2024-10-18 06:43:15.572863,,,sent,f,f
120,Ping,"",2024-10-18 06:43:15.576435,,,sent,f,f
121,Ping,"",2024-10-18 06:43:15.589736,,,sent,f,f
122,Ping,"",2024-10-18 06:43:15.586931,,,sent,f,f
123,Ping,"",2024-10-18 06:43:16.001555,,,sent,f,f
124,Ping,"",2024-10-18 06:43:16.002909,,,sent,f,f
125,Ping,"",2024-10-18 06:43:16.005554,,,sent,f,f
126,Ping,"",2024-10-18 06:43:16.005876,,,sent,f,f
127,Ping,"",2024-10-18 06:43:16.010473,,,sent,f,f
128,Ping,"",2024-10-18 06:43:16.01059,,,sent,f,f
129,Ping,"",2024-10-18 06:43:16.009338,,,sent,f,f
130,Ping,"",2024-10-18 06:43:16.013757,,,sent,f,f
131,Ping,"",2024-10-18 06:43:16.007952,,,sent,f,f
132,Ping,"",2024-10-18 06:43:16.01228,,,sent,f,f
133,Ping,"",2024-10-18 06:43:16.013606,,,sent,f,f
134,Ping,"",2024-10-18 06:43:16.014296,,,sent,f,f
135,Ping,"",2024-10-18 06:43:16.415488,,,sent,f,f
136,Ping,"",2024-10-18 06:43:16.417112,,,sent,f,f
137,Ping,"",2024-10-18 06:43:16.41878,,,sent,f,f
138,Ping,"",2024-10-18 06:43:16.417628,,,sent,f,f
139,Ping,"",2024-10-18 06:43:16.420199,,,sent,f,f
140,Ping,"",2024-10-18 06:43:16.422123,,,sent,f,f
141,Ping,"",2024-10-18 06:43:16.425212,,,sent,f,f
142,Ping,"",2024-10-18 06:43:16.425359,,,sent,f,f
143,Ping,"",2024-10-18 06:43:16.426397,,,sent,f,f
144,Ping,"",2024-10-18 06:43:16.425442,,,sent,f,f
145,Ping,"",2024-10-18 06:43:16.428136,,,sent,f,f
146,Ping,"",2024-10-18 06:43:16.432114,,,sent,f,f
147,Ping,"",2024-10-18 06:43:27.471447,,,sent,f,f
148,Ping,"",2024-10-18 06:43:27.478724,,,sent,f,f
149,Ping,"",2024-10-18 06:43:27.491962,,,sent,f,f
150,Ping,"",2024-10-18 06:43:27.498597,,,sent,f,f
151,Ping,"",2024-10-18 06:43:27.598551,,,sent,f,f
152,Ping,"",2024-10-18 06:43:27.835378,,,sent,f,f
153,Ping,"",2024-10-18 06:43:28.141447,,,sent,f,f
154,Ping,"",2024-10-18 06:43:29.035434,,,sent,f,f
155,Ping,"",2024-10-18 06:43:29.133258,,,sent,f,f
156,Ping,"",2024-10-18 06:43:29.232073,,,sent,f,f
157,Ping,"",2024-10-18 06:43:29.329947,,,sent,f,f
158,Ping,"",2024-10-18 06:43:29.330928,,,sent,f,f
159,Ping,"",2024-10-18 06:43:29.429737,,,sent,f,f
160,Ping,"",2024-10-18 06:43:29.431716,,,sent,f,f
161,Ping,"",2024-10-18 06:43:30.170943,,,sent,f,f
162,Ping,"",2024-10-18 06:43:30.172182,,,sent,f,f
163,Ping,"",2024-10-18 06:43:30.175082,,,sent,f,f
165,Ping,"",2024-10-18 06:43:30.175483,,,sent,f,f
164,Ping,"",2024-10-18 06:43:30.177676,,,sent,f,f
166,Ping,"",2024-10-18 06:43:30.17899,,,sent,f,f
167,Ping,"",2024-10-18 06:43:30.179191,,,sent,f,f
168,Ping,"",2024-10-18 06:43:30.181114,,,sent,f,f
169,Ping,"",2024-10-18 06:43:30.179969,,,sent,f,f
170,Ping,"",2024-10-18 06:43:30.175834,,,sent,f,f
171,Ping,"",2024-10-18 06:43:30.184603,,,sent,f,f
172,Ping,"",2024-10-18 06:43:30.185878,,,sent,f,f
173,Ping,"",2024-10-18 06:43:30.187974,,,sent,f,f
174,Ping,"",2024-10-18 06:43:30.188908,,,sent,f,f
175,Ping,Hahahahah,2024-10-18 06:43:51.633739,,,sent,f,f
176,Vincent,12,2024-10-18 06:47:12.262434,,,sent,f,f
177,visitor,12,2024-10-18 06:47:45.049744,,,sent,f,f
178,123,55,2024-10-24 17:10:24.98997,,,sent,f,f
179,visitor,4567,2024-10-24 17:57:05.110258,,,sent,f,f
180,visitor,"",2024-10-24 17:57:06.921824,,,sent,f,f
181,visitor,"",2024-10-24 17:57:07.436213,,,sent,f,f
182,visitor,"",2024-10-24 17:57:41.670618,,,sent,f,f
183,visitor,"",2024-10-24 17:57:41.813573,,,sent,f,f
184,visitor,"",2024-10-24 18:03:27.014562,,,sent,f,f
185,visitor,"",2024-10-24 18:03:27.877039,,,sent,f,f
186,visitor,"",2024-10-24 18:03:31.94971,,,sent,f,f
187,visitor,"",2024-10-24 18:03:38.75382,,,sent,f,f
188,visitor,"",2024-10-24 18:03:39.106705,,,sent,f,f
189,visitor,"",2024-10-24 18:03:55.897041,,,sent,f,f
190,visitor,"",2024-10-24 18:03:55.904339,,,sent,f,f
191,visitor,"",2024-10-24 18:03:56.257209,,,sent,f,f
192,visitor,20,2024-10-24 18:04:17.584557,,,sent,f,f
193,visitor,"",2024-10-24 18:04:18.240812,,,sent,f,f
194,visitor,"",2024-10-24 18:04:18.570289,,,sent,f,f
195,visitor,"",2024-10-24 18:04:18.924725,,,sent,f,f
196,visitor,"",2024-10-24 18:04:19.10699,,,sent,f,f
197,visitor,70,2024-10-24 18:04:23.958659,,,sent,f,f
198,456,456,2024-10-24 18:07:02.077801,,,sent,f,f
199,456,456,2024-10-24 18:07:07.378471,,,sent,f,f
200,visitor,456,2024-10-24 18:13:28.574402,,,sent,f,f
201,visitor,4563,2024-10-24 18:16:03.157865,,,sent,f,f
202,visitor,4563,2024-10-24 18:16:07.329727,,,sent,f,f
203,visitor,4563,2024-10-24 18:16:08.101839,,,sent,f,f
204,visitor,"",2024-10-24 18:17:08.072783,,,sent,f,f
205,visitor,"",2024-10-24 18:17:08.28412,,,sent,f,f
206,visitor,456,2024-10-24 18:17:11.530171,,,sent,f,f
207,visitor,"",2024-10-24 18:17:42.352052,,,sent,f,f
208,visitor,"",2024-10-24 18:17:46.732107,,,sent,f,f
209,visitor,"",2024-10-24 18:17:47.159379,,,sent,f,f
210,visitor,"",2024-10-24 18:17:47.363782,,,sent,f,f
211,visitor,"",2024-10-24 18:17:55.668255,,,sent,f,f
212,visitor,456,2024-10-24 18:17:59.347096,,,sent,f,f
213,visitor,4653,2024-10-24 18:18:14.89692,,,sent,f,f
214,visitor,4653,2024-10-24 18:19:16.598316,,,sent,f,f
215,visitor,"",2024-10-24 18:19:25.691837,,,sent,f,f
216,visitor,"",2024-10-24 18:19:25.986384,,,sent,f,f
217,visitor,"",2024-10-24 18:19:26.891389,,,sent,f,f
218,visitor,45,2024-10-24 18:19:43.241602,,,sent,f,f
219,visitor,"",2024-10-24 18:19:45.499532,,,sent,f,f
220,visitor,"",2024-10-24 18:19:46.774587,,,sent,f,f
221,visitor,"",2024-10-24 18:19:52.517485,,,sent,f,f
222,visitor,"",2024-10-24 18:19:53.84755,,,sent,f,f
223,visitor,"",2024-10-24 18:19:56.591845,,,sent,f,f
224,visitor,"",2024-10-24 18:19:57.124195,,,sent,f,f
225,visitor,"",2024-10-24 18:19:57.749799,,,sent,f,f
226,visitor,555,2024-10-24 18:20:41.422519,,,sent,f,f
227,visitor,"",2024-10-24 18:20:43.718269,,,sent,f,f
228,visitor,77,2024-10-24 18:20:58.073776,,,sent,f,f
229,visitor,7894,2024-10-24 18:21:39.339457,,,sent,f,f
230,visitor,"",2024-10-24 18:21:45.589095,,,sent,f,f
231,visitor,"",2024-10-24 18:21:45.78354,,,sent,f,f
232,visitor,"",2024-10-24 18:24:38.735917,,,sent,f,f
233,visitor,"",2024-10-24 18:24:42.582732,,,sent,f,f
234,visitor,"",2024-10-24 18:24:44.897137,,,sent,f,f
235,visitor,"",2024-10-24 18:24:47.31774,,,sent,f,f
236,visitor,"",2024-10-24 18:24:47.713099,,,sent,f,f
237,visitor,"",2024-10-24 18:24:54.646301,,,sent,f,f
238,visitor,89,2024-10-24 18:25:21.022679,,,sent,f,f
239,visitor,567,2024-10-24 18:25:31.97588,,,sent,f,f
240,visitor,"",2024-10-24 18:25:34.914057,,,sent,f,f
241,visitor,5,2024-10-24 18:26:32.533634,,,sent,f,f
242,visitor,555,2024-10-24 18:26:40.463455,,,sent,f,f
243,test1,hi,2024-10-24 18:28:01.708798,,,sent,f,f
244,test2,Hi,2024-10-24 18:28:41.518239,,,sent,f,f
245,test2,5678,2024-10-24 18:28:49.501787,,,sent,f,f
246,test3,1538,2024-10-24 18:29:38.582843,,,sent,f,f
247,test3,1538,2024-10-24 18:29:53.686116,,,sent,f,f
248,test2,7709,2024-10-24 18:30:12.307036,,,sent,f,f
249,test3,463,2024-10-24 18:34:19.204138,,,sent,f,f
250,test2,4,2024-10-24 18:34:29.223229,,,sent,f,f
251,test1,789,2024-10-24 18:34:58.167134,,,sent,f,f
252,test1,"",2024-10-24 18:35:02.388665,,,sent,f,f
253,test1,"",2024-10-24 18:35:08.334726,,,sent,f,f
254,test1,"",2024-10-24 18:35:09.969944,,,sent,f,f
255,test3,463,2024-10-24 18:35:20.276751,,,sent,f,f
256,test3,7894,2024-10-24 18:36:25.069586,,,sent,f,f
257,test3,4659,2024-10-24 18:38:57.722116,,,sent,f,f
258,test2,"",2024-10-24 18:39:08.872694,,,sent,f,f
259,test2,"",2024-10-24 18:39:14.447267,,,sent,f,f
260,test2,"",2024-10-24 18:39:15.478583,,,sent,f,f
261,test2,"",2024-10-24 18:39:15.491123,,,sent,f,f
262,test2,"",2024-10-24 18:39:15.78523,,,sent,f,f
263,test2,55,2024-10-24 18:39:46.461333,,,sent,f,f
264,test2,55,2024-10-24 18:40:03.478238,,,sent,f,f
265,test3,156328,2024-10-24 18:40:45.8722,,,sent,f,f
266,test1,55688,2024-10-24 18:42:40.275354,,,sent,f,f
267,test3,166,2024-10-24 18:44:19.390461,,,sent,f,f
268,test3,166,2024-10-24 18:44:23.67776,,,sent,f,f
269,test3,166,2024-10-24 18:44:24.529736,,,sent,f,f
270,test3,166,2024-10-24 18:44:25.184627,,,sent,f,f
271,test2,55,2024-10-24 18:44:35.270358,,,sent,f,f
272,test2,77,2024-10-24 18:44:41.089779,,,sent,f,f
273,test1,1,2024-10-24 18:49:23.917493,,,sent,f,f
274,test1,55,2024-10-24 18:53:21.374212,,,sent,f,f
275,test2,456,2024-10-24 18:54:00.985963,,,sent,f,f
276,test2,456,2024-10-24 18:54:07.002112,,,sent,f,f
277,test2,456,2024-10-24 18:54:07.149568,,,sent,f,f
278,test1,6,2024-10-24 18:55:59.366256,,,sent,f,f
279,visitor,123,2024-10-25 05:27:49.525895,,,sent,f,f
280,visitor,Gg,2024-10-25 05:29:16.97515,,,sent,f,f
281,visitor,456,2024-10-25 05:32:12.161724,,,sent,f,f
282,visitor,"",2024-10-25 05:32:20.105231,,,sent,f,f
283,test1,4678,2024-10-25 05:32:43.95101,,,sent,f,f
284,test1,"",2024-10-25 05:32:44.708132,,,sent,f,f
285,test1,"",2024-10-25 05:32:46.989846,,,sent,f,f
286,test1,"",2024-10-25 05:32:46.99199,,,sent,f,f
287,test1,"",2024-10-25 05:32:56.247396,,,sent,f,f
288,test1,"",2024-10-25 05:32:56.245788,,,sent,f,f
289,test1,"",2024-10-25 05:32:57.246045,,,sent,f,f
290,test1,"",2024-10-25 05:32:57.245872,,,sent,f,f
291,test1,"",2024-10-25 05:32:58.7784,,,sent,f,f
292,test1,"",2024-10-25 05:32:58.782404,,,sent,f,f
293,1,Gg,2024-10-25 05:33:20.434851,,,sent,f,f
294,2,4567,2024-10-25 05:33:35.206905,,,sent,f,f
295,1,T,2024-10-25 05:35:51.208543,,,sent,f,f
296,1,"",2024-10-25 05:39:23.804214,,,sent,f,f
297,1,"",2024-10-25 05:40:28.835993,,,sent,f,f
298,visitor,G,2024-10-25 05:48:55.281215,,,sent,f,f
299,visitor,Ft,2024-10-25 05:50:57.16158,,,sent,f,f
300,visitor,"",2024-10-25 05:55:35.577148,,,sent,f,f
301,123,4,2024-10-25 05:59:42.621742,,,sent,f,f
302,1,Gg,2024-10-25 06:00:19.54841,,,sent,f,f
303,visitor,456,2024-10-25 06:08:47.094206,,,sent,f,f
304,1,5,2024-10-25 06:26:27.608008,,,sent,f,f
305,2,88,2024-10-25 06:26:51.272038,,,sent,f,f
306,2,"",2024-10-25 06:26:53.251183,,,sent,f,f
307,2,99,2024-10-25 06:26:59.187534,,,sent,f,f
308,1,1,2024-10-25 06:33:02.293172,,,sent,f,f
309,1,8895,2024-10-25 06:38:43.949204,,,sent,f,f
310,test,123,2024-10-25 06:39:10.158411,,,sent,f,f
311,2,3,2024-10-25 06:41:01.48982,,,sent,f,f
312,test,sadas,2024-10-25 06:41:53.62924,,,sent,f,f
313,visitor,123,2024-10-25 07:03:50.598521,,,sent,f,f
314,visitor,123,2024-10-25 07:04:02.917105,,,sent,f,f
315,visitor,123,2024-10-25 07:04:03.046503,,,sent,f,f
316,test,4563,2024-10-25 07:08:57.410472,,,sent,f,f
317,test,4563,2024-10-25 07:08:59.887196,,,sent,f,f
318,test,4563,2024-10-25 07:09:00.597208,,,sent,f,f
319,test,132,2024-10-25 07:10:46.905216,,,sent,f,f
320,a,"",2024-10-25 07:14:15.787425,,,sent,f,f
321,a,vhh,2024-10-25 07:14:15.793746,,,sent,f,f
322,visitor,cd,2024-10-25 07:21:26.712118,,,sent,f,f
323,a,ds,2024-10-25 07:22:23.464756,,,sent,f,f
324,411185003,Test1,2024-10-25 07:23:02.914019,,,sent,f,f
325,411185003,test2,2024-10-25 07:23:11.364089,,,sent,f,f
326,411185003,eoufhseuhsudhgksh,2024-10-25 07:23:18.166338,,,sent,f,f
327,411185003,kllalsmkfmvkmv,2024-10-25 07:23:23.008775,,,sent,f,f
328,411185003,j lj ki n \\\\,2024-10-25 07:23:36.567648,,,sent,f,f
329,411185003,eefsdgdsgsdgdsgg,2024-10-25 07:23:40.478988,,,sent,f,f
330,411185003,nnnnnnnnnnnnnn\,2024-10-25 07:23:46.878776,,,sent,f,f
331,411185003,"",2024-10-25 07:24:00.029775,,,sent,f,f
332,411185003,"",2024-10-25 07:24:10.550734,,,sent,f,f
333,411185003,"",2024-10-25 07:24:20.113348,,,sent,f,f
334,411185003,"",2024-10-25 07:24:20.4677,,,sent,f,f
335,visitor,mk,2024-10-25 07:24:23.822029,,,sent,f,f
336,411185003,"",2024-10-25 07:25:08.967799,,,sent,f,f
337,411185003,"",2024-10-25 07:25:10.33771,,,sent,f,f
338,411185003,"",2024-10-25 07:25:10.34996,,,sent,f,f
339,visitor,"",2024-10-25 07:25:12.028745,,,sent,f,f
340,411185003,123,2024-10-25 07:25:28.371156,,,sent,f,f
341,411185003,123,2024-10-25 07:25:31.606378,,,sent,f,f
342,411185003,456,2024-10-25 07:25:34.666039,,,sent,f,f
343,411185003,fdhfdh,2024-10-25 07:25:37.821912,,,sent,f,f
344,411185003,f,2024-10-25 07:26:31.943945,,,sent,f,f
345,411185003,gdsgadsg,2024-10-25 07:26:34.37144,,,sent,f,f
346,411185003,esgsdgsdg,2024-10-25 07:26:36.466759,,,sent,f,f
347,411185003,cvxczbbvb,2024-10-25 07:26:40.584587,,,sent,f,f
348,visitor,"",2024-10-25 07:27:24.729968,,,sent,f,f
349,visitor,"",2024-10-25 07:27:25.7919,,,sent,f,f
350,411185003,"",2024-10-25 07:30:50.957108,,,sent,f,f
351,411185003,"",2024-10-25 07:31:18.736944,,,sent,f,f
352,411185003,piyan,2024-10-25 07:31:18.749128,,,sent,f,f
353,411185003,"",2024-10-25 07:31:20.814022,,,sent,f,f
354,411185003,dfdfs,2024-10-25 07:31:20.812661,,,sent,f,f
355,411185003,"",2024-10-25 07:31:24.189233,,,sent,f,f
356,411185003,sdfsfsdf,2024-10-25 07:31:24.191541,,,sent,f,f
357,411185003,fdgfgdhfhsd,2024-10-25 07:31:39.829781,,,sent,f,f
358,411185003,dsgagasgasdgs,2024-10-25 07:31:41.841228,,,sent,f,f
359,411185003,bcbzxbxbcx,2024-10-25 07:31:44.407465,,,sent,f,f
360,411185003,gsagasgdg,2024-10-25 07:31:48.454495,,,sent,f,f
361,411185003,"",2024-10-25 07:31:48.829225,,,sent,f,f
362,411185003,dgsaggscb,2024-10-25 07:31:51.545253,,,sent,f,f
363,411185003,"",2024-10-25 07:31:51.547558,,,sent,f,f
364,abcd,"",2024-10-25 07:32:25.600929,,,sent,f,f
365,abcd,"",2024-10-25 07:32:25.948517,,,sent,f,f
366,abcd,fasfsafa,2024-10-25 07:32:26.90189,,,sent,f,f
367,abcd,asfafadc,2024-10-25 07:32:29.809785,,,sent,f,f
368,abcd,"",2024-10-25 07:32:29.829974,,,sent,f,f
369,abcd,"",2024-10-25 07:32:29.831042,,,sent,f,f
370,visitor,ved,2024-10-25 07:33:04.0282,,,sent,f,f
371,visitor,vd,2024-10-25 07:33:18.107727,,,sent,f,f
372,visitor,"",2024-10-25 07:33:18.882839,,,sent,f,f
373,abcd,"",2024-10-25 07:34:35.919662,,,sent,f,f
374,abcd,"",2024-10-25 07:34:35.947055,,,sent,f,f
375,abcd,edfdf,2024-10-25 07:34:36.275552,,,sent,f,f
376,abcd,safasfaf,2024-10-25 07:34:39.173783,,,sent,f,f
377,abcd,"",2024-10-25 07:34:39.174263,,,sent,f,f
378,abcd,"",2024-10-25 07:34:40.468686,,,sent,f,f
379,411185003,"",2024-10-25 07:34:54.762213,,,sent,f,f
380,411185003,"",2024-10-25 07:34:55.10808,,,sent,f,f
381,411185003,hello,2024-10-25 07:34:56.134177,,,sent,f,f
382,411185003,"",2024-10-25 07:34:56.137562,,,sent,f,f
383,411185003,"",2024-10-25 07:35:29.21991,,,sent,f,f
384,visitor,sdfsfdfsf,2024-10-25 07:35:45.109399,,,sent,f,f
385,visitor,sdfsdfsdf,2024-10-25 07:35:47.590847,,,sent,f,f
386,visitor,dsfsdf,2024-10-25 07:36:08.861975,,,sent,f,f
387,visitor,"",2024-10-25 07:36:08.871732,,,sent,f,f
388,visitor,"",2024-10-25 07:36:13.609053,,,sent,f,f
389,visitor,"",2024-10-25 07:36:13.954938,,,sent,f,f
390,visitor,dsfsfdfsd,2024-10-25 07:36:14.894465,,,sent,f,f
391,abcd,sdd,2024-10-25 07:36:44.05624,,,sent,f,f
392,abcd,sadadadasd,2024-10-25 07:36:46.48575,,,sent,f,f
393,visitor,nj,2024-10-25 07:37:06.617541,,,sent,f,f
394,visitor,nk,2024-10-25 07:37:10.320819,,,sent,f,f
395,visitor,in,2024-10-25 07:37:21.971585,,,sent,f,f
396,visitor,"",2024-10-25 07:37:22.710028,,,sent,f,f
397,visitor,nj,2024-10-25 07:39:18.421723,,,sent,f,f
398,visitor,nj,2024-10-25 07:39:26.339227,,,sent,f,f
399,visitor,nj,2024-10-25 07:39:36.566819,,,sent,f,f
400,visitor,"",2024-10-25 07:39:37.388561,,,sent,f,f
401,visitor,ni,2024-10-25 07:40:11.437863,,,sent,f,f
402,visitor,"",2024-10-25 07:40:11.5092,,,sent,f,f
403,visitor,dw,2024-10-25 07:41:24.035116,,,sent,f,f
404,visitor,km,2024-10-25 07:41:34.209766,,,sent,f,f
405,visitor,"",2024-10-25 07:41:34.982518,,,sent,f,f
406,visitor,fda,2024-10-25 07:45:26.978482,,,sent,f,f
407,visitor,mk,2024-10-25 07:45:40.762576,,,sent,f,f
408,visitor,"",2024-10-25 07:45:41.538563,,,sent,f,f
409,test,4567,2024-10-25 07:46:02.260972,,,sent,f,f
410,test,4567,2024-10-25 07:46:03.937027,,,sent,f,f
411,test,4567,2024-10-25 07:46:04.477775,,,sent,f,f
412,test,4567,2024-10-25 07:46:04.877997,,,sent,f,f
413,test,4567,2024-10-25 07:46:05.363619,,,sent,f,f
414,visitor,fe,2024-10-25 07:47:45.741116,,,sent,f,f
415,visitor,fe,2024-10-25 07:47:53.833848,,,sent,f,f
416,visitor,"",2024-10-25 07:47:54.595777,,,sent,f,f
417,visitor,ds,2024-10-25 07:49:30.301873,,,sent,f,f
418,visitor,ds,2024-10-25 07:49:37.373823,,,sent,f,f
419,visitor,"",2024-10-25 07:49:38.162875,,,sent,f,f
420,visitor,nj,2024-10-25 07:50:50.851222,,,sent,f,f
421,abcd,"",2024-10-25 07:50:57.514997,,,sent,f,f
422,visitor,ijon,2024-10-25 07:50:57.51903,,,sent,f,f
423,visitor,"",2024-10-25 07:50:58.355793,,,sent,f,f
424,411185003,weqeqweq,2024-10-25 07:51:14.579688,,,sent,f,f
425,111,"",2024-10-25 07:51:47.371449,,,sent,f,f
426,111,"",2024-10-25 07:51:50.847065,,,sent,f,f
427,visitor,fe,2024-10-25 07:55:37.249037,,,sent,f,f
428,visitor,rfe,2024-10-25 07:55:43.964523,,,sent,f,f
429,a,e3,2024-11-01 05:11:42.597552,,,sent,f,f
